ai_condition_detail,n,mean_accuracy,mean_confidence,sd_confidence
AI - correct suggestion,144,0.7777777777777778,7.361111111111111,2.77756020903971
AI - wrong suggestion,144,0.3055555555555556,6.277777777777778,2.9694115271219674
No AI,280,0.5142857142857142,5.735714285714286,3.3879624865910007
